{"inputUnits":[34],"outputUnits":4,"inputs":{"0":{"dtype":"number","min":280.54479662205506,"max":298.7222986797608},"1":{"dtype":"number","min":111.77728485642817,"max":210.78784786469754},"2":{"dtype":"number","min":291.41214530602764,"max":308.6688857050667},"3":{"dtype":"number","min":102.33026188484175,"max":199.61927906579206},"4":{"dtype":"number","min":268.3253404643336,"max":287.13858740139193},"5":{"dtype":"number","min":101.09752112197131,"max":196.98971917522346},"6":{"dtype":"number","min":305.8833405195388,"max":320.59038589804726},"7":{"dtype":"number","min":114.49739392970272,"max":204.14002684357104},"8":{"dtype":"number","min":252.26776539466067,"max":268.78788046437165},"9":{"dtype":"number","min":110.11834811978403,"max":197.71809970193902},"10":{"dtype":"number","min":309.2822146648087,"max":348.0540427641097},"11":{"dtype":"number","min":172.89730793319018,"max":274.3619351452089},"12":{"dtype":"number","min":216.97341651247257,"max":242.8666978505155},"13":{"dtype":"number","min":179.53657826949745,"max":267.37296835023756},"14":{"dtype":"number","min":323.8808817426596,"max":406.7213936670017},"15":{"dtype":"number","min":224.15297450610302,"max":383.55441861217713},"16":{"dtype":"number","min":161.6007699650398,"max":239.35356671814796},"17":{"dtype":"number","min":235.40029514602747,"max":390.6876425343415},"18":{"dtype":"number","min":267.5607484218902,"max":404.55203229223775},"19":{"dtype":"number","min":139.7569264120061,"max":487.68378839622926},"20":{"dtype":"number","min":167.26579573186982,"max":315.2374731588085},"21":{"dtype":"number","min":143.71849253396076,"max":488.60158046551385},"22":{"dtype":"number","min":296.2780969928347,"max":334.5329620777747},"23":{"dtype":"number","min":356.8522180033009,"max":416.7050993326347},"24":{"dtype":"number","min":233.24704354269463,"max":255.712788304855},"25":{"dtype":"number","min":367.4491349902534,"max":415.2996766683418},"26":{"dtype":"number","min":271.63560714870397,"max":338.0437923081902},"27":{"dtype":"number","min":459.4276480275055,"max":534.3026212874444},"28":{"dtype":"number","min":222.14177568521183,"max":247.22940426356146},"29":{"dtype":"number","min":485.7667437399107,"max":536.5766615244845},"30":{"dtype":"number","min":275.36760504947534,"max":334.23828838861476},"31":{"dtype":"number","min":533.2258799294514,"max":552.5728364762274},"32":{"dtype":"number","min":222.12618911475465,"max":245.81038268686038},"33":{"dtype":"number","min":535.7474730493497,"max":554.1085981997365}},"outputs":{"0":{"dtype":"string","min":0,"max":1,"uniqueValues":["n","l","r","f"],"legend":{"n":[1,0,0,0],"l":[0,1,0,0],"r":[0,0,1,0],"f":[0,0,0,1]}}},"isNormalized":true}